載具自訂名稱,發票日期,發票號碼,發票金額,發票狀態,折讓,賣方統一編號,賣方名稱,賣方地址,買方統編,消費明細_數量,消費明細_單價,消費明細_金額,消費明細_品名
手機條碼,20260831,DU95918726,150,開立已確認,否,00633846,誠心商行,臺北市內湖區江南街95號1樓,,1,150,150,醬油豚骨拉麵
手機條碼,20260831,DU95918726,150,開立已確認,否,00633846,誠心商行,臺北市內湖區江南街95號1樓,,1,150,150,月見醬油豚骨拉麵
手機條碼,20260831,DA17103230,33,開立已確認,否,80339095,統一超商股份有限公司台北市第五二七分公司,台北市內湖區港墘路221巷41號1樓,,1,33,33,美式原味熱狗
手機條碼,20260831,DA17103230,0,開立已確認,否,80339095,統一超商股份有限公司台北市第五二七分公司,台北市內湖區港墘路221巷41號1樓,,1,0,0,熱狗/包子/玉米7折出清
手機條碼,20260831,DA17103230,12,開立已確認,否,80339095,統一超商股份有限公司台北市第五二七分公司,台北市內湖區港墘路221巷41號1樓,,1,12,12,大亨堡夾心麵包
手機條碼,20260831,DA17103230,-10,開立已確認,否,80339095,統一超商股份有限公司台北市第五二七分公司,台北市內湖區港墘路221巷41號1樓,,1,-10,-10,自助區7折出清*1H9F*
手機條碼,20260831,DA17100255,30,開立已確認,否,80339095,統一超商股份有限公司台北市第五二七分公司,台北市內湖區港墘路221巷41號1樓,,1,30,30,阿華田營養麥芽牛奶飲CAN340
手機條碼,20260831,DA17100255,55,開立已確認,否,80339095,統一超商股份有限公司台北市第五二七分公司,台北市內湖區港墘路221巷41號1樓,,1,55,55,★新極上飯糰-鮭魚鮭魚卵
手機條碼,20260831,DA17100255,-10,開立已確認,否,80339095,統一超商股份有限公司台北市第五二七分公司,台北市內湖區港墘路221巷41號1樓,,1,-10,-10,8/19-9/29超值組合75元*2CD4*
手機條碼,20260830,DG20703811,380,開立已確認,否,82278670,馬林國際事業股份有限公司淡水店,新北市淡水區中山路８號４、５樓,,1,380,380,鮮鮭丼
手機條碼,20260830,DG20703811,80,開立已確認,否,82278670,馬林國際事業股份有限公司淡水店,新北市淡水區中山路８號４、５樓,,1,80,80,換 土瓶蒸
手機條碼,20260830,DG20703811,46,開立已確認,否,82278670,馬林國際事業股份有限公司淡水店,新北市淡水區中山路８號４、５樓,,1,46,46,Service Charge
手機條碼,20260830,DC01914609,92,開立已確認,否,12856156,全宏事業有限公司,臺北市士林區名山里至善路２段１０１號,,3.02,30.5,92,九二無鉛汽油
手機條碼,20260829,DB14086210,49,開立已確認,否,80331740,和德昌股份有限公司台北西湖分公司,台北市內湖區內湖路一段283號1樓,,1,49,49,*勁辣香雞翅
手機條碼,20260829,DB14086210,48,開立已確認,否,80331740,和德昌股份有限公司台北西湖分公司,台北市內湖區內湖路一段283號1樓,,1,48,48,四塊麥克雞塊
手機條碼,20260829,DB14086210,38,開立已確認,否,80331740,和德昌股份有限公司台北西湖分公司,台北市內湖區內湖路一段283號1樓,,1,38,38,可樂-中
手機條碼,20260829,CW60638471,10,開立已確認,否,54386207,統一超商股份有限公司台北市第七六三分公司,台北市內湖區環山路一段70號,,1,10,10,(A)*統一麥香奶茶TP300
手機條碼,20260829,CW60638471,10,開立已確認,否,54386207,統一超商股份有限公司台北市第七六三分公司,台北市內湖區環山路一段70號,,1,10,10,茶葉蛋
手機條碼,20260828,DE84530749,75,開立已確認,否,50646363,承恩飲品店,新北市新店區寶橋路45號,,1,75,75,珍珠伯爵紅茶拿鐵(L)
手機條碼,20260828,DE84530749,0,開立已確認,否,50646363,承恩飲品店,新北市新店區寶橋路45號,,1,0,0,微糖/微冰/
手機條碼,20260828,CV69310252,18,開立已確認,否,80339095,統一超商股份有限公司台北市第五二七分公司,台北市內湖區港墘路221巷41號1樓,,1,18,18,阿薩姆奶茶原味TP350
手機條碼,20260828,CR80596856,299,開立已確認,否,87356816,台灣迪卡儂有限公司新店營業所,新北市新店區寶興里中興路３段１號,,1,299,299,KNEE 120 DARK BLUE 4
手機條碼,20260827,CV69314768,18,開立已確認,否,80339095,統一超商股份有限公司台北市第五二七分公司,台北市內湖區港墘路221巷41號1樓,,1,18,18,阿薩姆奶茶原味TP350
手機條碼,20260827,CV69314768,79,開立已確認,否,80339095,統一超商股份有限公司台北市第五二七分公司,台北市內湖區港墘路221巷41號1樓,,1,79,79,極饗-四川風味麻辣豆腐飯
手機條碼,20260827,CV69310932,15,開立已確認,否,80339095,統一超商股份有限公司台北市第五二七分公司,台北市內湖區港墘路221巷41號1樓,,1,15,15,生活泡沫綠茶TP330
手機條碼,20260827,CV69309741,55,開立已確認,否,80339095,統一超商股份有限公司台北市第五二七分公司,台北市內湖區港墘路221巷41號1樓,,1,55,55,★新極上飯糰-鮭魚鮭魚卵
手機條碼,20260827,CV69309741,40,開立已確認,否,80339095,統一超商股份有限公司台北市第五二七分公司,台北市內湖區港墘路221巷41號1樓,,1,40,40,阿華田巧克力麥芽牛奶400ml
手機條碼,20260827,CV69309741,-20,開立已確認,否,80339095,統一超商股份有限公司台北市第五二七分公司,台北市內湖區港墘路221巷41號1樓,,1,-20,-20,8/19-9/29超值組合75元*2CD4*
手機條碼,20260826,DP75761894,60,開立已確認,否,88217659,元丹商行,台北市內湖區江南街126號,,1,60,60,濃煮拿鐵
手機條碼,20260826,CV69314191,18,開立已確認,否,80339095,統一超商股份有限公司台北市第五二七分公司,台北市內湖區港墘路221巷41號1樓,,1,18,18,波蜜果菜汁TP330
手機條碼,20260826,CV69314191,20,開立已確認,否,80339095,統一超商股份有限公司台北市第五二七分公司,台北市內湖區港墘路221巷41號1樓,,2,10,20,茶葉蛋
手機條碼,20260826,CV69314191,-3,開立已確認,否,80339095,統一超商股份有限公司台北市第五二七分公司,台北市內湖區港墘路221巷41號1樓,,1,-3,-3,波蜜果菜汁330單件15元*2BCE*
手機條碼,20260826,CV69309512,15,開立已確認,否,80339095,統一超商股份有限公司台北市第五二七分公司,台北市內湖區港墘路221巷41號1樓,,1,15,15,生活泡沫綠茶TP330
手機條碼,20260826,CV69309512,79,開立已確認,否,80339095,統一超商股份有限公司台北市第五二七分公司,台北市內湖區港墘路221巷41號1樓,,1,79,79,香蒜白酒蛤蠣義大利麵
手機條碼,20260825,DQ49781172,250,開立已確認,否,89145726,立鼎食品有限公司,114臺北市內湖區江南街101號,,1,250,250,叻沙海鮮湯麵
手機條碼,20260825,DH36941038,29,開立已確認,否,91613979,佑全新竹食品藥局,新竹市東區食品路170號1樓,,1,29,29,4710054306008 濕紙巾
手機條碼,20260825,DH36941038,78,開立已確認,否,91613979,佑全新竹食品藥局,新竹市東區食品路170號1樓,,2,39,78,4710036402667 濕紙巾
手機條碼,20260825,DH36941038,0,開立已確認,否,91613979,佑全新竹食品藥局,新竹市東區食品路170號1樓,,5,0,0,76006009 贈品
手機條碼,20260825,CV69308865,15,開立已確認,否,80339095,統一超商股份有限公司台北市第五二七分公司,台北市內湖區港墘路221巷41號1樓,,1,15,15,生活泡沫綠茶TP330
手機條碼,20260825,CV69308865,20,開立已確認,否,80339095,統一超商股份有限公司台北市第五二七分公司,台北市內湖區港墘路221巷41號1樓,,2,10,20,茶葉蛋
手機條碼,20260825,CV69302684,40,開立已確認,否,80339095,統一超商股份有限公司台北市第五二七分公司,台北市內湖區港墘路221巷41號1樓,,1,40,40,阿華田巧克力麥芽牛奶400ml
手機條碼,20260825,CV69302684,55,開立已確認,否,80339095,統一超商股份有限公司台北市第五二七分公司,台北市內湖區港墘路221巷41號1樓,,1,55,55,新極上飯糰-蔥鹽生鮭
手機條碼,20260825,CV69302684,-20,開立已確認,否,80339095,統一超商股份有限公司台北市第五二七分公司,台北市內湖區港墘路221巷41號1樓,,1,-20,-20,8/19-9/29超值組合75元*2CD4*
手機條碼,20260824,CW94371546,15,開立已確認,否,93752201,統一超商股份有限公司台北市第一一二八分公司,台北市內湖區陽光街288號1樓,,1,15,15,生活泡沫綠茶TP330
手機條碼,20260824,CW94371287,55,開立已確認,否,93752201,統一超商股份有限公司台北市第一一二八分公司,台北市內湖區陽光街288號1樓,,1,55,55,新極上飯糰-煙燻銀鮭
手機條碼,20260824,CV69305741,28,開立已確認,否,80339095,統一超商股份有限公司台北市第五二七分公司,台北市內湖區港墘路221巷41號1樓,,1,28,28,*咖啡廣場調合式冰咖啡PET600
手機條碼,20260824,CV69302382,59,開立已確認,否,80339095,統一超商股份有限公司台北市第五二七分公司,台北市內湖區港墘路221巷41號1樓,,1,59,59,溏心蛋紐奧良風味烤雞三明治
手機條碼,20260824,CV69302382,40,開立已確認,否,80339095,統一超商股份有限公司台北市第五二七分公司,台北市內湖區港墘路221巷41號1樓,,1,40,40,阿華田巧克力麥芽牛奶400ml
手機條碼,20260824,CV69302382,-24,開立已確認,否,80339095,統一超商股份有限公司台北市第五二七分公司,台北市內湖區港墘路221巷41號1樓,,1,-24,-24,8/19-9/29超值組合75元*2CD4*
手機條碼,20260823,DE89770864,65,開立已確認,否,50992602,路易莎職人咖啡股份有限公司內湖文湖分公司,台北市內湖區文湖街３７號,,1,65,65,ＭＧ　芒果綠茶－大冰
手機條碼,20260823,DA95832461,78,開立已確認,否,80331740,和德昌股份有限公司台北西湖分公司,台北市內湖區內湖路一段283號1樓,,1,78,78,餐-勁辣雞腿
手機條碼,20260823,DA95832461,38,開立已確認,否,80331740,和德昌股份有限公司台北西湖分公司,台北市內湖區內湖路一段283號1樓,,1,38,38,可樂-中
手機條碼,20260823,DA95832461,32,開立已確認,否,80331740,和德昌股份有限公司台北西湖分公司,台北市內湖區內湖路一段283號1樓,,1,32,32,配-經典中薯
手機條碼,20260823,DA95832461,0,開立已確認,否,80331740,和德昌股份有限公司台北西湖分公司,台北市內湖區內湖路一段283號1樓,,0,40,0,薯條-小
手機條碼,20260823,CW60635369,79,開立已確認,否,54386207,統一超商股份有限公司台北市第七六三分公司,台北市內湖區環山路一段70號,,1,79,79,極饗-四川風味麻辣豆腐飯
手機條碼,20260823,CW60635369,10,開立已確認,否,54386207,統一超商股份有限公司台北市第七六三分公司,台北市內湖區環山路一段70號,,1,10,10,(A)*統一麥香奶茶TP300
手機條碼,20260823,CW60635369,10,開立已確認,否,54386207,統一超商股份有限公司台北市第七六三分公司,台北市內湖區環山路一段70號,,1,10,10,茶葉蛋
手機條碼,20260823,CS88669320,58,開立已確認,否,28425274,全聯實業股份有限公司內湖文湖分公司,臺北市內湖區文湖街;31號1樓、B1,,1,58,58,消臭易粉戀櫻花
手機條碼,20260822,DR68649923,265,開立已確認,否,95468814,格佳食品有限公司,105臺北市松山區吉祥路45號,,1,265,265,紅燒牛肉麵
手機條碼,20260822,DR68649923,15,開立已確認,否,95468814,格佳食品有限公司,105臺北市松山區吉祥路45號,,1,15,15,小豆干(2塊)
手機條碼,20260822,DR68649923,20,開立已確認,否,95468814,格佳食品有限公司,105臺北市松山區吉祥路45號,,1,20,20,米血(1塊)
手機條碼,20260822,DF93040277,65,開立已確認,否,76392786,永洺茶行,台北市松山區南京東路五段123巷2弄1號,,1,65,65,飲料
手機條碼,20260822,DA95828212,17,開立已確認,否,80331740,和德昌股份有限公司台北西湖分公司,台北市內湖區內湖路一段283號1樓,,1,17,17,麥香雞_50
手機條碼,20260822,DA95828212,33,開立已確認,否,80331740,和德昌股份有限公司台北西湖分公司,台北市內湖區內湖路一段283號1樓,,1,33,33,C可樂_小
手機條碼,20260822,DA95828212,17,開立已確認,否,80331740,和德昌股份有限公司台北西湖分公司,台北市內湖區內湖路一段283號1樓,,1,17,17,勁辣翅_50
手機條碼,20260822,DA95828212,33,開立已確認,否,80331740,和德昌股份有限公司台北西湖分公司,台北市內湖區內湖路一段283號1樓,,1,33,33,C可樂_小
手機條碼,20260821,CV69305048,49,開立已確認,否,80339095,統一超商股份有限公司台北市第五二七分公司,台北市內湖區港墘路221巷41號1樓,,1,49,49,維力炸醬拌麵堡
手機條碼,20260821,CV69305048,40,開立已確認,否,80339095,統一超商股份有限公司台北市第五二七分公司,台北市內湖區港墘路221巷41號1樓,,1,40,40,阿華田巧克力麥芽牛奶400ml
手機條碼,20260821,CV69305048,-24,開立已確認,否,80339095,統一超商股份有限公司台北市第五二七分公司,台北市內湖區港墘路221巷41號1樓,,1,-24,-24,8/19~9/29超值組合65元*2CD5*
手機條碼,20260820,CW94361472,99,開立已確認,否,93752201,統一超商股份有限公司台北市第一一二八分公司,台北市內湖區陽光街288號1樓,,1,99,99,米香-蟹黃蝦仁豆腐煲燴飯
手機條碼,20260820,CW94361472,15,開立已確認,否,93752201,統一超商股份有限公司台北市第一一二八分公司,台北市內湖區陽光街288號1樓,,1,15,15,生活泡沫綠茶TP330
手機條碼,20260820,CV69304860,79,開立已確認,否,80339095,統一超商股份有限公司台北市第五二七分公司,台北市內湖區港墘路221巷41號1樓,,1,79,79,香蒜白酒蛤蠣義大利麵
手機條碼,20260820,CV69304860,15,開立已確認,否,80339095,統一超商股份有限公司台北市第五二七分公司,台北市內湖區港墘路221巷41號1樓,,1,15,15,*統一麥香奶茶TP375
手機條碼,20260819,CV69304336,15,開立已確認,否,80339095,統一超商股份有限公司台北市第五二七分公司,台北市內湖區港墘路221巷41號1樓,,1,15,15,生活泡沫綠茶TP330
手機條碼,20260819,CV69301451,30,開立已確認,否,80339095,統一超商股份有限公司台北市第五二七分公司,台北市內湖區港墘路221巷41號1樓,,1,30,30,阿華田營養麥芽牛奶飲CAN340
手機條碼,20260819,CV69301451,59,開立已確認,否,80339095,統一超商股份有限公司台北市第五二七分公司,台北市內湖區港墘路221巷41號1樓,,1,59,59,溏心蛋紐奧良風味烤雞三明治
手機條碼,20260819,CV69301451,-14,開立已確認,否,80339095,統一超商股份有限公司台北市第五二七分公司,台北市內湖區港墘路221巷41號1樓,,1,-14,-14,8/19-9/29超值組合75元*2CD4*
手機條碼,20260818,DP75761047,55,開立已確認,否,88217659,元丹商行,台北市內湖區江南街126號,,1,55,55,鐵觀音奶茶
手機條碼,20260818,CV69301034,70,開立已確認,否,80339095,統一超商股份有限公司台北市第五二七分公司,台北市內湖區港墘路221巷41號1樓,,2,35,70,(A)*可口可樂PET600
手機條碼,20260818,CV69301034,0,開立已確認,否,80339095,統一超商股份有限公司台北市第五二七分公司,台北市內湖區港墘路221巷41號1樓,,1,0,0,79折
手機條碼,20260818,CV69301034,-15,開立已確認,否,80339095,統一超商股份有限公司台北市第五二七分公司,台北市內湖區港墘路221巷41號1樓,,1,-15,-15,７９折*2AM9*
手機條碼,20260817,CW72101110,59,開立已確認,否,80343555,統一超商股份有限公司台北市第五三五分公司,台北市內湖區江南街128號,,1,59,59,醬燒烤雞溏心蛋三明治
手機條碼,20260817,CW72101110,35,開立已確認,否,80343555,統一超商股份有限公司台北市第五三五分公司,台北市內湖區江南街128號,,1,35,35,美式熱咖啡(中)
手機條碼,20260817,CW72101110,10,開立已確認,否,80343555,統一超商股份有限公司台北市第五三五分公司,台北市內湖區江南街128號,,1,10,10,加價中杯升級大杯
手機條碼,20260817,CW72101110,-19,開立已確認,否,80343555,統一超商股份有限公司台北市第五三五分公司,台北市內湖區江南街128號,,1,-19,-19,7/8~8/18超值組合75元*2BAJ*
手機條碼,20260817,CV69300302,15,開立已確認,否,80339095,統一超商股份有限公司台北市第五二七分公司,台北市內湖區港墘路221巷41號1樓,,1,15,15,*統一麥香奶茶TP375
手機條碼,20260817,CV69298161,15,開立已確認,否,80339095,統一超商股份有限公司台北市第五二七分公司,台北市內湖區港墘路221巷41號1樓,,1,15,15,光泉茉莉蜜茶TP330
手機條碼,20260816,DD49900364,65,開立已確認,否,25516813,西湖茶行,台北市內湖區內湖路一段285巷25號,,1,65,65,飲料
手機條碼,20260816,DA95815043,17,開立已確認,否,80331740,和德昌股份有限公司台北西湖分公司,台北市內湖區內湖路一段283號1樓,,1,17,17,勁辣翅_50
手機條碼,20260816,DA95815043,33,開立已確認,否,80331740,和德昌股份有限公司台北西湖分公司,台北市內湖區內湖路一段283號1樓,,1,33,33,C可樂_小
手機條碼,20260814,DA95818606,17,開立已確認,否,80331740,和德昌股份有限公司台北西湖分公司,台北市內湖區內湖路一段283號1樓,,1,17,17,勁辣翅_50
手機條碼,20260814,DA95818606,33,開立已確認,否,80331740,和德昌股份有限公司台北西湖分公司,台北市內湖區內湖路一段283號1樓,,1,33,33,C可樂_小
手機條碼,20260814,CV69299596,15,開立已確認,否,80339095,統一超商股份有限公司台北市第五二七分公司,台北市內湖區港墘路221巷41號1樓,,1,15,15,*統一麥香奶茶TP375
手機條碼,20260814,CV69299596,79,開立已確認,否,80339095,統一超商股份有限公司台北市第五二七分公司,台北市內湖區港墘路221巷41號1樓,,1,79,79,香蒜白酒蛤蠣義大利麵
手機條碼,20260814,CV69262970,49,開立已確認,否,80339095,統一超商股份有限公司台北市第五二七分公司,台北市內湖區港墘路221巷41號1樓,,1,49,49,鮪魚洋芋溏心蛋三明治
手機條碼,20260814,CV69262970,35,開立已確認,否,80339095,統一超商股份有限公司台北市第五二七分公司,台北市內湖區港墘路221巷41號1樓,,1,35,35,美式冰咖啡(中)
手機條碼,20260814,CV69262970,10,開立已確認,否,80339095,統一超商股份有限公司台北市第五二七分公司,台北市內湖區港墘路221巷41號1樓,,1,10,10,加價中杯升級大杯
手機條碼,20260814,CV69262970,-19,開立已確認,否,80339095,統一超商股份有限公司台北市第五二七分公司,台北市內湖區港墘路221巷41號1樓,,1,-19,-19,7/8~8/18超值組合65元*2BAK*
手機條碼,20260813,DU41577394,139,開立已確認,否,00633607,寶慶商行,台北市內湖區瑞光路289號,,1,139,139,○招牌本家燃麵套餐
手機條碼,20260813,DU41577394,0,開立已確認,否,00633607,寶慶商行,台北市內湖區瑞光路289號,,1,0,0,五香豆干
手機條碼,20260813,DU41577394,0,開立已確認,否,00633607,寶慶商行,台北市內湖區瑞光路289號,,1,0,0,墨香紅
手機條碼,20260813,DU41577394,0,開立已確認,否,00633607,寶慶商行,台北市內湖區瑞光路289號,,1,0,0,招牌本家燃麵
手機條碼,20260813,CV69298918,18,開立已確認,否,80339095,統一超商股份有限公司台北市第五二七分公司,台北市內湖區港墘路221巷41號1樓,,1,18,18,阿薩姆奶茶原味TP350
手機條碼,20260812,DU52274751,70,開立已確認,否,93134686,三湖小吃店,臺北市內湖區西湖里內湖路１段３２３巷４弄４號１樓,,10,7,70,招牌鍋貼
手機條碼,20260812,DU52274751,40,開立已確認,否,93134686,三湖小吃店,臺北市內湖區西湖里內湖路１段３２３巷４弄４號１樓,,1,40,40,原塊花枝魚丸湯
手機條碼,20260812,CV69262539,10,開立已確認,否,80339095,統一超商股份有限公司台北市第五二七分公司,台北市內湖區港墘路221巷41號1樓,,1,10,10,(A)*統一麥香奶茶TP300
手機條碼,20260812,CV69262366,30,開立已確認,否,80339095,統一超商股份有限公司台北市第五二七分公司,台北市內湖區港墘路221巷41號1樓,,1,30,30,阿華田營養麥芽牛奶飲CAN340
手機條碼,20260812,CV69262366,49,開立已確認,否,80339095,統一超商股份有限公司台北市第五二七分公司,台北市內湖區港墘路221巷41號1樓,,1,49,49,小龍蝦沙拉三明治
手機條碼,20260812,CV69262366,-14,開立已確認,否,80339095,統一超商股份有限公司台北市第五二七分公司,台北市內湖區港墘路221巷41號1樓,,1,-14,-14,7/8~8/18超值組合65元*2BAK*
手機條碼,20260811,CW60629361,59,開立已確認,否,54386207,統一超商股份有限公司台北市第七六三分公司,台北市內湖區環山路一段70號,,1,59,59,鮮蝦蛋沙拉
手機條碼,20260811,CW60629361,-21,開立已確認,否,54386207,統一超商股份有限公司台北市第七六三分公司,台北市內湖區環山路一段70號,,1,-21,-21,i珍食折扣
手機條碼,20260811,CV69296009,79,開立已確認,否,80339095,統一超商股份有限公司台北市第五二七分公司,台北市內湖區港墘路221巷41號1樓,,1,79,79,香蒜白酒蛤蠣義大利麵
手機條碼,20260811,CV69296009,10,開立已確認,否,80339095,統一超商股份有限公司台北市第五二七分公司,台北市內湖區港墘路221巷41號1樓,,1,10,10,(A)*統一麥香奶茶TP300
手機條碼,20260811,CV69293093,55,開立已確認,否,80339095,統一超商股份有限公司台北市第五二七分公司,台北市內湖區港墘路221巷41號1樓,,1,55,55,★新極上飯糰-鮭魚鮭魚卵
手機條碼,20260811,CV69293093,18,開立已確認,否,80339095,統一超商股份有限公司台北市第五二七分公司,台北市內湖區港墘路221巷41號1樓,,1,18,18,阿薩姆奶茶原味TP350
手機條碼,20260811,CT97687062,144,開立已確認,否,73905876,台灣中油股份有限公司油品行銷事業部台北營業處內湖麗山街加油站,台北市內湖區內湖路一段362號,,4.72,30.5,144,【113F 12092005】９２無鉛汽油
手機條碼,20260811,CK65892063,29,開立已確認,否,80340255,全家便利商店股份有限公司瑞光分公司,台北市內湖區瑞光路５１０號１樓,,1,29,29,御茶園特上檸檬茶
手機條碼,20260810,CV69294867,39,開立已確認,否,80339095,統一超商股份有限公司台北市第五二七分公司,台北市內湖區港墘路221巷41號1樓,,1,39,39,★魚卵龍蝦風味沙拉飯糰
手機條碼,20260810,CV69294867,15,開立已確認,否,80339095,統一超商股份有限公司台北市第五二七分公司,台北市內湖區港墘路221巷41號1樓,,1,15,15,*統一麥香奶茶TP375
手機條碼,20260809,DA95808863,17,開立已確認,否,80331740,和德昌股份有限公司台北西湖分公司,台北市內湖區內湖路一段283號1樓,,1,17,17,勁辣翅_50
手機條碼,20260809,DA95808863,33,開立已確認,否,80331740,和德昌股份有限公司台北西湖分公司,台北市內湖區內湖路一段283號1樓,,1,33,33,C可樂_小
手機條碼,20260808,DB00467938,34,開立已確認,否,54370042,和德昌股份有限公司新竹食品分公司,新竹市北區品路228號,,2,17,34,勁辣翅_50
手機條碼,20260808,DB00467938,66,開立已確認,否,54370042,和德昌股份有限公司新竹食品分公司,新竹市北區品路228號,,2,33,66,C可樂_小
手機條碼,20260808,CK69174340,18,開立已確認,否,16435353,全家便利商店股份有限公司湖安分公司,台北市內湖區內湖路一段２８５巷１９號１樓,,1,18,18,阿薩姆奶茶ＴＰ３５０
手機條碼,20260807,CV69292092,18,開立已確認,否,80339095,統一超商股份有限公司台北市第五二七分公司,台北市內湖區港墘路221巷41號1樓,,1,18,18,阿薩姆奶茶原味TP350
手機條碼,20260807,CV69292092,39,開立已確認,否,80339095,統一超商股份有限公司台北市第五二七分公司,台北市內湖區港墘路221巷41號1樓,,1,39,39,哇沙米秋鮭飯糰
手機條碼,20260807,CV69261557,18,開立已確認,否,80339095,統一超商股份有限公司台北市第五二七分公司,台北市內湖區港墘路221巷41號1樓,,1,18,18,阿薩姆奶茶原味TP350
手機條碼,20260806,CW60626733,89,開立已確認,否,54386207,統一超商股份有限公司台北市第七六三分公司,台北市內湖區環山路一段70號,,1,89,89,奶油蛋黃醬培根義大利麵
手機條碼,20260806,CW60626733,10,開立已確認,否,54386207,統一超商股份有限公司台北市第七六三分公司,台北市內湖區環山路一段70號,,1,10,10,(A)*統一麥香奶茶TP300
手機條碼,20260806,CW60626733,-31,開立已確認,否,54386207,統一超商股份有限公司台北市第七六三分公司,台北市內湖區環山路一段70號,,1,-31,-31,i珍食折扣
手機條碼,20260806,CV69291660,36,開立已確認,否,80339095,統一超商股份有限公司台北市第五二七分公司,台北市內湖區港墘路221巷41號1樓,,1,36,36,★炙烤鹽蔥燒肉飯糰
手機條碼,20260806,CV69291660,10,開立已確認,否,80339095,統一超商股份有限公司台北市第五二七分公司,台北市內湖區港墘路221巷41號1樓,,1,10,10,(A)*統一麥香奶茶TP300
手機條碼,20260805,CW60626136,89,開立已確認,否,54386207,統一超商股份有限公司台北市第七六三分公司,台北市內湖區環山路一段70號,,1,89,89,鮮蝦明太子冷義大利麵
手機條碼,20260805,CW60626136,15,開立已確認,否,54386207,統一超商股份有限公司台北市第七六三分公司,台北市內湖區環山路一段70號,,1,15,15,*統一麥香奶茶TP375
手機條碼,20260805,CW60626136,-31,開立已確認,否,54386207,統一超商股份有限公司台北市第七六三分公司,台北市內湖區環山路一段70號,,1,-31,-31,i珍食折扣
手機條碼,20260804,CW60625589,69,開立已確認,否,54386207,統一超商股份有限公司台北市第七六三分公司,台北市內湖區環山路一段70號,,1,69,69,(專)新台味-野菜番茄菌菇湯
手機條碼,20260804,CW60625589,99,開立已確認,否,54386207,統一超商股份有限公司台北市第七六三分公司,台北市內湖區環山路一段70號,,1,99,99,蝦仁白醬焗烤飯
手機條碼,20260804,CW60625589,10,開立已確認,否,54386207,統一超商股份有限公司台北市第七六三分公司,台北市內湖區環山路一段70號,,1,10,10,(A)*統一麥香奶茶TP300
手機條碼,20260804,CW60625589,-59,開立已確認,否,54386207,統一超商股份有限公司台北市第七六三分公司,台北市內湖區環山路一段70號,,1,-59,-59,i珍食折扣
手機條碼,20260803,DD50845674,75,開立已確認,否,25654694,來佳實業社,臺北市內湖區西湖里瑞光路５１７號,,1,75,75,牛肉醬拌麵
手機條碼,20260803,DD50845674,35,開立已確認,否,25654694,來佳實業社,臺北市內湖區西湖里瑞光路５１７號,,1,35,35,酸辣湯
手機條碼,20260803,DA95802518,17,開立已確認,否,80331740,和德昌股份有限公司台北西湖分公司,台北市內湖區內湖路一段283號1樓,,1,17,17,勁辣翅_50
手機條碼,20260803,DA95802518,33,開立已確認,否,80331740,和德昌股份有限公司台北西湖分公司,台北市內湖區內湖路一段283號1樓,,1,33,33,C可樂_小
手機條碼,20260803,CY19783175,99,開立已確認,否,90430868,統一超商股份有限公司台北市第一０六七分公司,台北市內湖區環山路一段8號1樓,,1,99,99,壹番屋-豬排咖哩蛋包飯
手機條碼,20260803,CY19783175,-20,開立已確認,否,90430868,統一超商股份有限公司台北市第一０六七分公司,台北市內湖區環山路一段8號1樓,,1,-20,-20,i珍食折扣
手機條碼,20260803,CY19783175,18,開立已確認,否,90430868,統一超商股份有限公司台北市第一０六七分公司,台北市內湖區環山路一段8號1樓,,1,18,18,阿薩姆奶茶原味TP350
手機條碼,20260803,CH37422914,139,開立已確認,否,80023531,台灣屈臣氏個人用品商店股份有限公司德明分公司,台北市內湖區內湖路一段279號1-2F,,1,139,139,屈臣氏厚磅3層抽取式衛生紙120抽8包
手機條碼,20260803,CH37422914,79,開立已確認,否,80023531,台灣屈臣氏個人用品商店股份有限公司德明分公司,台北市內湖區內湖路一段279號1-2F,,1,79,79,屈臣氏指甲剪
手機條碼,20260802,DA95804666,72,開立已確認,否,80331740,和德昌股份有限公司台北西湖分公司,臺北市內湖區內湖路1段283、283之1號及285巷2號1樓,,1,72,72,餐-雙層牛肉MOP/外送
手機條碼,20260802,DA95804666,38,開立已確認,否,80331740,和德昌股份有限公司台北西湖分公司,臺北市內湖區內湖路1段283、283之1號及285巷2號1樓,,1,38,38,可樂-中
手機條碼,20260802,DA95804666,51,開立已確認,否,80331740,和德昌股份有限公司台北西湖分公司,臺北市內湖區內湖路1段283、283之1號及285巷2號1樓,,1,51,51,配-辣腿/排
手機條碼,20260802,DA95804666,0,開立已確認,否,80331740,和德昌股份有限公司台北西湖分公司,臺北市內湖區內湖路1段283、283之1號及285巷2號1樓,,0,50,0,薯條-中
手機條碼,20260802,DA95799723,17,開立已確認,否,80331740,和德昌股份有限公司台北西湖分公司,台北市內湖區內湖路一段283號1樓,,1,17,17,勁辣翅_50
手機條碼,20260802,DA95799723,33,開立已確認,否,80331740,和德昌股份有限公司台北西湖分公司,台北市內湖區內湖路一段283號1樓,,1,33,33,C可樂_小
手機條碼,20260801,CY19782336,79,開立已確認,否,90430868,統一超商股份有限公司台北市第一０六七分公司,台北市內湖區環山路一段8號1樓,,1,79,79,香蒜白酒蛤蠣義大利麵
手機條碼,20260801,CR80407916,99,開立已確認,否,38482288,台灣迪卡儂有限公司內湖營業所,臺北市內湖區湖元里新湖一路１２８巷３６號,,1,99,99,SHOES BAG ESSENTIAL BLACK ORANGE 15 L
手機條碼,20260801,CR80407916,99,開立已確認,否,38482288,台灣迪卡儂有限公司內湖營業所,臺北市內湖區湖元里新湖一路１２８巷３６號,,1,99,99,ESSENTIAL BALL PUMP 單一尺寸
手機條碼,20260801,CR80407916,499,開立已確認,否,38482288,台灣迪卡儂有限公司內湖營業所,臺北市內湖區湖元里新湖一路１２８巷３６號,,1,499,499,CONTROL TRAINING S7 7
手機條碼,20260801,CH61540508,149,開立已確認,否,00648658,宜得利家居股份有限公司台北內湖舊宗店,150巷25號2F、3F,,1,149,149,洗衣籃 N VOLCA M  LGY
手機條碼,20260801,CH61540508,149,開立已確認,否,00648658,宜得利家居股份有限公司台北內湖舊宗店,150巷25號2F、3F,,1,149,149,浴室踏墊?MOLE6?GY 30x50
手機條碼,20260801,CH61540508,179,開立已確認,否,00648658,宜得利家居股份有限公司台北內湖舊宗店,150巷25號2F、3F,,1,179,179,手壓式垃圾桶 WH 8L
手機條碼,20260801,CH61540508,49,開立已確認,否,00648658,宜得利家居股份有限公司台北內湖舊宗店,150巷25號2F、3F,,1,49,49,10L方便下次使用垃圾袋20入
捐贈或作廢之發票，字軌號碼均會隱末3碼
注意：本功能所下載之雲端發票明細檔案可能因賣方營業人後續作廢或折讓等原因而產生誤差。
手機條碼,20260812,FS00000001,0,開立已確認,否,00000001,永和小吃店,臺北市,,4,120,480,便當
手機條碼,20260814,FS00000002,0,開立已確認,否,00000002,全聯福利中心,臺北市,,6,35,210,可口可樂6入
手機條碼,20260815,FS00000003,0,開立已確認,否,00000003,承恩飲品店,臺北市,,3,60,180,波霸紅茶拿鐵
手機條碼,20260818,FS00000004,0,開立已確認,否,00000004,多那之蛋糕咖啡,臺北市,,3,95,285,巧克力蛋糕
手機條碼,20260820,FS00000005,0,開立已確認,否,00000005,韓式小吃,臺北市,,4,180,720,韓式辣味鍋貼
